INSERT INTO `Verzekering` VALUES ('Achmea'),('FBTO'),('Interpolis'),('niet bekend'),('UMCU'),('Zilveren kruis');

INSERT INTO `Patient` VALUES (234557834,'Corry','de','Vries','1976-06-07','M','Nederlandse','Zwanenburg','1032BG',234,'b','corry@gmail.com','0612345678','UMCU'),(298632626,'Mischa','van','Kluiver','1977-07-07','M','Nederlandse','Amstelveen','1011BM',146,NULL,'mischa@hotmail.com','0626327515','UMCU'),(363471964,'Sophia',NULL,'Donkelaar','1997-08-20','V','Nederlandse','Amsterdam','1011BM',99,NULL,'sophia@mail.com','0612345678','FBTO'),(467582352,'Corrie','de','Vries','1982-02-02','M','Nederlandse','Haarlem','1991XA',2,NULL,'corrie@gmail.com','0622889313','UMCU'),(498765234,'Alice',NULL,'Slot','1969-03-12','V','Nederlandse','Amstelveen','1008DG',155,NULL,'alice@hotmail.com','0655447743','Interpolis'),(547512455,'Omar',NULL,'Zakev','1989-06-26','M','Nederlandse','Amsterdam','1024GB',5,NULL,'omar@gmail.com','0623547815','niet bekend'),(765423498,'Jamelia',NULL,'Staarman','1999-07-21','V','Nederlandse','Amsterdam','1010CW',1,NULL,'jamelia@hotmail.com','0644896432','Achmea'),(876923454,'Amar','der','Adel','1970-06-05','M','Nederlandse','Amsterdam','1011BB',15,'a','amar@hotmail.com','0672156322','FBTO'),(964363471,'Lillie',NULL,'Broek','1996-11-11','V','Nederlandse','Zaandam','1034RK',50,NULL,'lillie@hotmail.com','0612345678','FBTO'),(987654234,'Lotte',NULL,'Grevink','1989-02-15','V','Nederlandse','Amsterdam','1024GB',2,NULL,'lotte@hotmail.com','0623554781','FBTO');

INSERT INTO `Afdeling` VALUES ('Fysiotherapie'),('Hart en vaatziektes'),('Hematologie'),('Kindergeneeskunde'),('Logopedie'),('Longen'),('Nierziekten'),('Nucleaire geneeskunde'),('SEH'),('Urologie'),('Verloskunde');

INSERT INTO `Kamer` VALUES (105,'Fysiotherapie'),(402,'Hart en vaatziektes'),(403,'Hart en vaatziektes'),(201,'Kindergeneeskunde'),(101,'Longen'),(102,'Longen'),(301,'Longen'),(302,'Nierziekten'),(401,'Nucleaire geneeskunde'),(103,'SEH'),(104,'SEH'),(202,'Verloskunde'),(203,'Verloskunde');

INSERT INTO `Arts` VALUES (1118492014,'Maaike',NULL,'Blake',NULL),(1154745312,'Moniek',NULL,'Richmond',NULL),(1428555219,'Maikel','van','Torenvlied',NULL),(1448395612,'Linda','van','Vught',NULL),(1578015085,'John',NULL,'Smith',NULL),(1716735921,'Corrine','de','Klever',NULL),(1762498139,'Devin','de','Jong',NULL),(1779920214,'Peter',NULL,'Tanner',NULL),(1829412433,'Paul',NULL,'Vlieger',NULL),(1999204124,'Peter','van der','Boot',NULL);

INSERT INTO `Specialisatie` VALUES ('Chirug','Senior'),('Chirurg','Junior'),('Hart','Junior'),('Hart','Senior'),('Longen','Junior'),('Longen','Senior'),('SEH','Junior'),('SEH','Senior'),('Sportgeneeskunde','Junior'),('Sportgeneeskunde','Senior'),('Verloskunde','Junior'),('Verloskunde','Senior');

INSERT INTO `Team` VALUES ('team1'),('team2'),('team3'),('team4'),('team5'),('team6'),('team7'),('team8');

INSERT INTO `AfdelingTeam` VALUES ('team1','Fysiotherapie'),('team2','Fysiotherapie'),('team6','Hart en vaatziektes'),('team7','Kindergeneeskunde'),('team7','Logopedie'),('team5','Longen'),('team4','Nierziekten'),('team8','Nucleaire geneeskunde'),('team3','SEH'),('team3','Verloskunde');

INSERT INTO `ArtsSpecialisatie` VALUES (1428555219,'Hart','Junior'),(1578015085,'Hart','Junior'),(1118492014,'Hart','Senior'),(1829412433,'Longen','Junior'),(1716735921,'Longen','Senior'),(1762498139,'Longen','Senior'),(1716735921,'SEH','Junior'),(1999204124,'SEH','Junior'),(1762498139,'SEH','Senior'),(1154745312,'Sportgeneeskunde','Junior'),(1779920214,'Sportgeneeskunde','Senior'),(1448395612,'Verloskunde','Senior');

INSERT INTO `Teamlidmaatschap` VALUES ('team6',1118492014),('team1',1154745312),('team6',1428555219),('team3',1448395612),('team6',1578015085),('team3',1716735921),('team5',1716735921),('team3',1762498139),('team5',1762498139),('team1',1779920214),('team2',1779920214),('team5',1829412433),('team3',1999204124);

INSERT INTO `Dossier` VALUES (1,467582352,'Hartaanval',1118492014),(2,964363471,'Longen',1716735921),(3,234557834,'Sikkelcelanemie',1118492014),(4,298632626,'SEH',1762498139),(5,363471964,'Longen',1762498139),(6,498765234,'Sikkelcelanemie',1118492014),(7,765423498,'SEH',1762498139),(8,876923454,'Hartaanval',1118492014),(9,987654234,'Longen',1716735921),(10,964363471,'SEH',1762498139),(11,234557834,'Been kneusing',1779920214),(12,765423498,'Bevalling',1448395612),(13,547512455,'Longen',1716735921);

INSERT INTO `Opname` VALUES ('2019-10-25 15:33:00',NULL,11,105,'Fysiotherapie'),('2019-10-26 05:33:00','2019-10-28 20:40:00',10,NULL,'SEH'),('2019-10-27 22:20:00',NULL,7,103,'SEH'),('2019-10-27 22:22:00',NULL,4,104,'SEH'),('2019-10-28 16:37:00',NULL,8,402,'Hart en vaatziektes'),('2019-10-30 09:45:00',NULL,3,NULL,'Hart en vaatziektes'),('2019-10-31 17:10:00',NULL,9,101,'Longen'),('2019-11-01 10:20:00','2019-11-03 17:50:00',12,202,'Verloskunde'),('2019-11-01 14:20:00',NULL,5,101,'Longen'),('2019-11-02 13:55:00',NULL,2,301,'Longen'),('2019-11-02 17:25:00',NULL,6,NULL,'Hart en vaatziektes'),('2019-11-03 12:20:00',NULL,1,NULL,'Hart en vaatziektes'),('2019-11-03 15:40:00',NULL,13,NULL,'Longen');

INSERT INTO `Afspraak` VALUES ('2019-10-14 10:44:00','2019-10-14 15:44:00','Behandeling','Afgerond',1999204124,298632626),('2019-11-03 12:55:00','2019-11-03 13:55:00','Gesprek','Afgerond',1118492014,467582352),('2019-11-03 17:30:00',NULL,'Behandeling','In behandeling',1716735921,547512455),('2019-11-04 01:44:00',NULL,'Behandeling','In behandeling',1762498139,498765234),('2019-11-06 14:00:00',NULL,'Behandeling','Gepland',1716735921,964363471),('2019-11-07 16:10:00',NULL,'Gesprek','Gepland',1762498139,363471964),('2019-11-11 11:20:00',NULL,'Gesprek','Gepland',1716735921,363471964),('2019-11-25 10:00:00',NULL,'Behandeling','Gepland',1118492014,234557834);

